-- User-Students
INSERT INTO "User"("id", "email", "name", "password", "role") VALUES
('a339a513-a1db-453a-91e9-8eab80b60c2e', 'ab11cd@gmail.com', 'Daniel Almeida', '$2a$12$VOK4mDAnOdvmwaIZKqxOgOE7uMo6QZkW5J4Rohhkez0u7kEgqFHv6', 'STUDENT'),
('044f9aae-69a2-4385-8bc9-0a1001dd4cd4', 'ab12cd@gmail.com', 'José Vitor', '$2a$12$MzTv6zzrLlYJodv.j44JTuXitfu7q1ougHxBShmHTI5CSNRrBI3P6', 'STUDENT'),
('a2c43f6e-5220-454a-8d7a-6d4f78c68435', 'abcd@gmail.com', 'Higor Santiago', '$2a$12$MzTv6zzrLlYJodv.j44JTuXitfu7q1ougHxBShmHTI5CSNRrBI3P6', 'STUDENT'),
('7ce7deff-1e8f-4d43-991b-2c1b97212543', 'ab32cd@gmail.com', 'Victor Martins', '$2a$12$mCmI6MQytbjbm8MBXClWFuW9JOa9Kh8oTb9dYPier61xy4fPXePMe', 'STUDENT'),
('e58e248d-2810-4cc4-9a0e-6b58018c4315', 'abc114d@gmail.com', 'Alexson Almeida', '$2a$12$lyXwgmOlEQlBixa.Y7JgluwPDRqmgJ2dkawA4DG8bwccjX0PO/xmq', 'STUDENT'),
('e37e75da-b37b-4ced-8053-95f25991dd60', 'abc1d@gmail.com', 'Rodrigo Alves', '$2a$12$Vp2fsH2sW/C7C2IckSMFBuFJDTEisSjsdwLZRVnQ/pO67I.mMtMJy', 'STUDENT'),
('985561d0-2f4a-48b5-905a-c66c7118b410', 'a123bcd@gmail.com', 'Emanuel Silva', '$2a$12$ZO0VeloUxWhaNZCjwz6Q/uoOGK3O8/w68zTFY1pV/.d/9/TJawLs2', 'STUDENT'),
('ec71cfa2-7f0d-4176-a345-d4c96143d7b3', 'abc12d@gmail.com', 'Marcos Nascimento', '$2a$12$VYLSNWE47W4F4CTFftEW2.yYXeFYWnMOp1uWCnxAfBv5XMy2usNAC', 'STUDENT'),
('c3ea287f-6895-4a38-89de-8d0d551055cb', 'ab213cd@gmail.com', 'Erick Lima', '$2a$12$cdMsdP.kAGWy3ng4btRUtOtT0bgFGuIzkhLT4IjieAMJ3MXS863lG', 'STUDENT'),
('3f6d683c-7bb0-4d9f-9ecd-84aeac7bf9fa', 'danalv@gmail.com', 'Daniel Alves', '$2a$12$hxPOw2ww7tVtMZfL1.S1J.2U9ZDEzlH5MoaULoT7VqTxVEc.eErt2', 'STUDENT'),
('55c8e979-ecfc-4084-9dc9-7194d259455d', 'ferso@gmail.com', 'Fernando Souza', '$2a$12$qXWHvh.j5ijit7Mn6IN1IeaRoBfbNj648LHtKrbueTUrt02pLiGDy', 'STUDENT'),
('9d9a103e-20f7-4dd4-bca6-c813977f7e67', 'frate@gmail.com', 'Francsico Teixeira', '$2a$12$GBZP6N8VeXEKLLCNEWkgWOvPcBnO2DCe0Hdp2VMeiQPxccF2sKFcS', 'STUDENT'),
('b2494d2f-d3ec-4c2c-a34f-0a8e461a2623', 'marfu@gmail.com', 'Marcos Furtado', '$2a$12$GBZP6N8VeXEKLLCNEWkgWOvPcBnO2DCe0Hdp2VMeiQPxccF2sKFcS', 'STUDENT'),
('968d6d02-7f61-456b-a55e-32067a9a7d8f', 'jefol@gmail.com', 'Jefferson Oliveira', '$2a$12$GBZP6N8VeXEKLLCNEWkgWOvPcBnO2DCe0Hdp2VMeiQPxccF2sKFcS', 'STUDENT'),
('17e4fec6-2f90-4aaa-ae2a-1996e4859db9', 'gabso@gmail.com', 'Gabriella Souza', '$2a$12$GBZP6N8VeXEKLLCNEWkgWOvPcBnO2DCe0Hdp2VMeiQPxccF2sKFcS', 'STUDENT'),
('1f870046-c1f0-43d8-98e8-b2bd38ffa3cb', 'pedau@gmail.com', 'Pedro Augusto', '$2a$12$GBZP6N8VeXEKLLCNEWkgWOvPcBnO2DCe0Hdp2VMeiQPxccF2sKFcS', 'STUDENT'),
('0e14ec23-1c4a-4a67-9f89-2828a5c7a3fa', 'guite@gmail.com', 'Guilherme Teixeira', '$2a$12$GBZP6N8VeXEKLLCNEWkgWOvPcBnO2DCe0Hdp2VMeiQPxccF2sKFcS', 'STUDENT'),
('164c227b-f8b9-4bad-8fd7-e86b211c0d71', 'anacl@gmail.com', 'Ana Clara', '$2a$12$GBZP6N8VeXEKLLCNEWkgWOvPcBnO2DCe0Hdp2VMeiQPxccF2sKFcS', 'STUDENT'),
('1e083d07-8e9c-48a8-99d4-fe127f5c0175', 'felmu@gmail.com', 'Felipe Muniz', '$2a$12$GBZP6N8VeXEKLLCNEWkgWOvPcBnO2DCe0Hdp2VMeiQPxccF2sKFcS', 'STUDENT'),
('ed8d82aa-67c0-4b57-8ad4-5c534c3a753d', 'mursi@gmail.com', 'Murilo Silva', '$2a$12$GBZP6N8VeXEKLLCNEWkgWOvPcBnO2DCe0Hdp2VMeiQPxccF2sKFcS', 'STUDENT'),
('f0135888-a1ad-4560-82c2-d6378555be2b', 'felca@gmail.com', 'Felipe Cauan', '$2a$12$GBZP6N8VeXEKLLCNEWkgWOvPcBnO2DCe0Hdp2VMeiQPxccF2sKFcS', 'STUDENT'),
('2fb3e302-8d4b-4b1a-856e-664c9b7f1c9f', 'jesli@gmail.com', 'Jessica Lima', '$2a$12$GBZP6N8VeXEKLLCNEWkgWOvPcBnO2DCe0Hdp2VMeiQPxccF2sKFcS', 'STUDENT'),
('0b4c1a61-265d-4d32-84bb-4eae86d87c4c', 'joapa@gmail.com', 'João Paulo', '$2a$12$GBZP6N8VeXEKLLCNEWkgWOvPcBnO2DCe0Hdp2VMeiQPxccF2sKFcS', 'STUDENT'),
('1220f738-fdfa-4c8d-b19c-cfa36f34b2d3', 'joalm@gmail.com', 'João Almeida', '$2a$12$GBZP6N8VeXEKLLCNEWkgWOvPcBnO2DCe0Hdp2VMeiQPxccF2sKFcS', 'STUDENT'),
('9cbc6751-b725-488e-9de8-b579a9baae6c', 'anabe@gmail.com', 'Ana Beatriz', '$2a$12$GBZP6N8VeXEKLLCNEWkgWOvPcBnO2DCe0Hdp2VMeiQPxccF2sKFcS', 'STUDENT'),
('b3cec6e2-0960-49a4-835f-6244c6fa4b9b', 'rodte@gmail.com', 'Rodrigo Teixera', '$2a$12$GBZP6N8VeXEKLLCNEWkgWOvPcBnO2DCe0Hdp2VMeiQPxccF2sKFcS', 'STUDENT'),
('cdc7e544-7d60-4ae2-822e-a5b63c2d94ca', 'felal@gmail.com', 'Felipe Araujo', '$2a$12$GBZP6N8VeXEKLLCNEWkgWOvPcBnO2DCe0Hdp2VMeiQPxccF2sKFcS', 'STUDENT'),
('d52d92cf-2a1c-4de9-864d-1de0b5874c7c', 'alual@gmail.com', 'Aluizio Alves', '$2a$12$GBZP6N8VeXEKLLCNEWkgWOvPcBnO2DCe0Hdp2VMeiQPxccF2sKFcS', 'STUDENT'),
('d5b812bd-dd08-4c61-8cb0-d513b747fc6a', 'carvi@gmail.com', 'Carlos Victor', '$2a$12$GBZP6N8VeXEKLLCNEWkgWOvPcBnO2DCe0Hdp2VMeiQPxccF2sKFcS', 'STUDENT'),
('20bc5f05-f30d-47d7-9835-cf1070039abf', 'abc121d@gmail.com', 'Eduardo da Silva', '$2a$12$GBZP6N8VeXEKLLCNEWkgWOvPcBnO2DCe0Hdp2VMeiQPxccF2sKFcS', 'STUDENT');

-- Students
INSERT INTO "Student" VALUES
('e7aaa266-117f-454d-b84c-65c205077b88', 342481, 'ES', 'a339a513-a1db-453a-91e9-8eab80b60c2e'),
('acf1d7f1-5113-4246-8b72-a78b9e39d24a', 887358, 'ES', '044f9aae-69a2-4385-8bc9-0a1001dd4cd4'),
('58d2b8b7-e1eb-455b-9707-e67943c6d65d', 594653, 'ES', 'a2c43f6e-5220-454a-8d7a-6d4f78c68435'),
('cc5c0608-0769-4352-a92b-fd9617ff94cf', 110663, 'ES', 'e58e248d-2810-4cc4-9a0e-6b58018c4315'),
('b310562d-bb08-487c-a9e0-67c2de6d7066', 673516, 'SI', 'e37e75da-b37b-4ced-8053-95f25991dd60'),
('43f9dbe8-f091-4e21-8ba0-9ec3b7549d81', 888838, 'SI', '985561d0-2f4a-48b5-905a-c66c7118b410'),
('14d244f0-649a-46d4-95eb-82d1f0471dbe', 214832, 'EC', 'ec71cfa2-7f0d-4176-a345-d4c96143d7b3'),
('b8fa523b-6b80-4844-96f0-516894e09de0', 445116, 'EC', 'c3ea287f-6895-4a38-89de-8d0d551055cb'),
('deae6c9e-3276-4887-ac08-0d3e00cf3322', 262458, 'SI', '3f6d683c-7bb0-4d9f-9ecd-84aeac7bf9fa'),
('ed1632c3-3544-4bb5-ae72-5d2212cc1b58', 160785, 'SI', '55c8e979-ecfc-4084-9dc9-7194d259455d'),
('414d1f36-9e3e-4d99-8565-47b0cf9be794', 343382, 'ES', '9d9a103e-20f7-4dd4-bca6-c813977f7e67'),
('e2e82e0d-4b91-4152-a512-9bb335d66367', 335836, 'RC', 'b2494d2f-d3ec-4c2c-a34f-0a8e461a2623'),
('b104ffa6-074c-4a60-807b-2fb4c1a31bd1', 850253, 'SI', '968d6d02-7f61-456b-a55e-32067a9a7d8f'),
('9c01f690-35ca-4416-8d9e-5b33e4c5cbec', 159574, 'CC', '17e4fec6-2f90-4aaa-ae2a-1996e4859db9'),
('6cdd10e4-aeda-492b-8c4d-7a67b2cd2737', 570912, 'CC', '1f870046-c1f0-43d8-98e8-b2bd38ffa3cb'),
('1a0ea8b0-dcd7-413a-896d-8f8367ff440f', 206241, 'EC', '0e14ec23-1c4a-4a67-9f89-2828a5c7a3fa'),
('fc13e28e-f5b9-44e7-9abf-d8fca589619f', 054590, 'EC', '164c227b-f8b9-4bad-8fd7-e86b211c0d71'),
('aa2afdcc-be75-4575-9134-ba8fb1b3e7d2', 482028, 'RC', '1e083d07-8e9c-48a8-99d4-fe127f5c0175'),
('d5e01a52-106b-4f24-893c-159e9891025b', 009551, 'CC', 'ed8d82aa-67c0-4b57-8ad4-5c534c3a753d'),
('18111736-92a1-4fde-8cc1-1a8e6aa07bc0', 911573, 'SI', 'f0135888-a1ad-4560-82c2-d6378555be2b'),
('1e5689b2-cedb-4ab1-a5eb-75d337cd45ad', 747253, 'SI', '2fb3e302-8d4b-4b1a-856e-664c9b7f1c9f'),
('8c304856-24dd-4fa9-b7f9-c20c704d4e3c', 784875, 'SI', '0b4c1a61-265d-4d32-84bb-4eae86d87c4c'),
('f02577cb-3e35-4ee5-9880-05bff29d12f9', 847545, 'ES', '1220f738-fdfa-4c8d-b19c-cfa36f34b2d3'),
('ce3395e9-a869-4718-8e2c-e9b0b42845a2', 213272, 'DD', '9cbc6751-b725-488e-9de8-b579a9baae6c'),
('e0da021a-de0d-482c-82fe-d680cf2b7ac0', 711629, 'DD', 'b3cec6e2-0960-49a4-835f-6244c6fa4b9b'),
('2774601d-0501-4089-9d62-4002a3e08d17', 961246, 'DD', 'cdc7e544-7d60-4ae2-822e-a5b63c2d94ca'),
('4b23b0b0-2696-4be2-9e6f-aac5419635ef', 971702, 'DD', 'd52d92cf-2a1c-4de9-864d-1de0b5874c7c'),
('f41c6ec9-204a-463d-ade0-1ac26651f642', 412022, 'EC', 'd5b812bd-dd08-4c61-8cb0-d513b747fc6a'),
('fde479e4-1469-4dfe-b234-ac3ab5b2fc61', 541403, 'RC', '20bc5f05-f30d-47d7-9835-cf1070039abf');

-- User-Teachers
INSERT INTO "User"("id", "email", "name", "password", "role") VALUES
('04d6b361-7391-498c-a246-901454b21edb', 'pamat@gmail.com', 'Paulyne Matthews', '$2a$12$Z3EH1mvIawi0Kd4q0sk.QeE2KGpWYGI2Lxe1ANgCDIlw7JwOEpBXe', 'TEACHER'),
('86b578d3-467f-46f4-8890-da31d46f0368', 'caril@gmail.com', 'Carla Illane', '$2a$12$Z3EH1mvIawi0Kd4q0sk.QeE2KGpWYGI2Lxe1ANgCDIlw7JwOEpBXe', 'TEACHER'),
('e4cc2b0b-554d-4476-a21b-8617953c7a1b', 'caca@gmail.com', 'Camilo Camilo', '$2a$12$Z3EH1mvIawi0Kd4q0sk.QeE2KGpWYGI2Lxe1ANgCDIlw7JwOEpBXe', 'TEACHER'),
('7d180933-6c0e-49ce-9a12-e67de78432ca', 'entav@gmail.com', 'Enyo Tavares', '$2a$12$Z3EH1mvIawi0Kd4q0sk.QeE2KGpWYGI2Lxe1ANgCDIlw7JwOEpBXe', 'TEACHER'),
('a57a9ffa-0719-440f-ac2f-0e374376881e', 'dibra@gmail.com', 'Diana Braga', '$2a$12$Z3EH1mvIawi0Kd4q0sk.QeE2KGpWYGI2Lxe1ANgCDIlw7JwOEpBXe', 'TEACHER'),
('52067ca7-e8b9-4646-ac26-6fbcba2fc79d', 'parma@gmail.com', 'Paulo Armando', '$2a$12$Z3EH1mvIawi0Kd4q0sk.QeE2KGpWYGI2Lxe1ANgCDIlw7JwOEpBXe', 'TEACHER'),
('7dc49a6b-5f8b-4e05-838a-93f47a7ce68d', 'fabio@gmail.com', 'Fábio Carlos', '$2a$12$Z3EH1mvIawi0Kd4q0sk.QeE2KGpWYGI2Lxe1ANgCDIlw7JwOEpBXe', 'TEACHER'),
('b68b835e-b5f1-408a-b1a4-9b5c9846b05f', 'jefca@gmail.com', 'Jefferson de Carvalho', '$2a$12$Z3EH1mvIawi0Kd4q0sk.QeE2KGpWYGI2Lxe1ANgCDIlw7JwOEpBXe', 'TEACHER'),
('294e1a32-6a46-4ade-9efb-6d7c79b60877', 'jomar@gmail.com', 'João Marcelo Uchôa', '$2a$12$Z3EH1mvIawi0Kd4q0sk.QeE2KGpWYGI2Lxe1ANgCDIlw7JwOEpBXe', 'TEACHER'),
('92f607d4-8766-4464-a840-9b6acdcf7b62', 'thiwe@gmail.com', 'Thiago Werlley', '$2a$12$Z3EH1mvIawi0Kd4q0sk.QeE2KGpWYGI2Lxe1ANgCDIlw7JwOEpBXe', 'TEACHER');

-- Teachers
INSERT INTO "Teacher" VALUES
('25d52d4f-42c2-4d5c-a952-62f60bcc8fc5', '812.123.100-91', '04d6b361-7391-498c-a246-901454b21edb'),
('fce8a7b6-ca4e-47be-a450-799474d6e50a', '812.193.900-01', '86b578d3-467f-46f4-8890-da31d46f0368'),
('7fc16108-fddb-4c3d-a0a0-09a58f66c266', '123.456.212-04', 'e4cc2b0b-554d-4476-a21b-8617953c7a1b'),
('ab06e530-d072-473f-93ab-e77b63c091b8', '838.123.512-22', '7d180933-6c0e-49ce-9a12-e67de78432ca'),
('fb515999-802e-4236-9d35-2b2fef40539e', '123.555.112-90', 'a57a9ffa-0719-440f-ac2f-0e374376881e'),
('8814966d-9b53-4170-8638-25699c91ad0a', '122.422.122-11', '52067ca7-e8b9-4646-ac26-6fbcba2fc79d'),
('7c80ae45-527a-447b-b345-835de6820c9a', '111.552.991-00', '7dc49a6b-5f8b-4e05-838a-93f47a7ce68d'),
('8721b2e3-b8c5-4ead-b1f3-832a654388b8', '213.332.131-25', 'b68b835e-b5f1-408a-b1a4-9b5c9846b05f'),
('1c3c8861-3625-4e90-9a99-b6adb4fa6496', '981.123.123-90', '294e1a32-6a46-4ade-9efb-6d7c79b60877'),
('e86d278b-8834-4102-a4e1-5d823765773a', '812.103.112-21', '92f607d4-8766-4464-a840-9b6acdcf7b62');

-- Discipline
INSERT INTO "Discipline" VALUES
('d84d500c-c6cc-4d08-9922-6329623f27f8', 'QXD003', 'Desenvolvimento de Jogos', '', 4.0),
('9754e520-1547-4426-92d6-fb6dc0b47356', 'QXD002', 'Verificação e Validação', '', 4.0),
('740d5515-9423-4c43-a94e-75a2f3514fe7', 'QXD009', 'Projeto Detalhado de Software', '', 4.0),
('e93ba07b-0149-4c71-b1a8-ba0a7abc129f', 'QXD004', 'Processos de Software', '', 4.0),
('154fef23-db3e-4aaf-92b6-4a9d065f09a6', 'QXD005', 'Qualidade de Software', '', 4.0),
('97082a98-edf9-4c26-acdd-cdc6656d275f', 'QXD010', 'Requisitos de Software', '', 4.0),
('04fa7cc4-8f6f-46b2-8a99-1adba5e25563', 'QXD001', 'Sistemas Operacionais', '', 4.0),
('5a1fb6b1-5263-4a70-a538-b973d995345d', 'QXD006', 'Redes de Computadores', '', 4.0),
('1a18d0c4-b94e-4390-a828-419778db220b', 'QXD007', 'Gerencia de Configuração', '', 4.0),
('6d78aec2-e8f7-40ce-99af-63df60fdea88', 'QXD008', 'Arquitetura de Software', '', 4.0),
('6db09f5b-089b-4acb-b04d-256b5034b7ce', 'QXD011', 'Analise e Projeto de Sistemas', '', 4.0),
('ce55f839-9e91-49cf-ac3e-0e7dad6476f8', 'QXD012', 'Introdução a Engenharia de Software', '', 4.0),
('c1e1b818-2dea-4876-bc2a-687599ff7f3d', 'QXD013', 'Probabilidade e Estatistica', '', 4.0),
('ef7a9eca-eedd-4e24-9d29-47e02b56c855', 'QXD014', 'Educação Ambiental', '', 4.0),
('c5541dd3-5ebf-4f7e-be8a-66ce7fb93e66', 'QXD015', 'Fundamentos de Programação', '', 6.0),
('70ca3f74-bf8a-41f7-8b26-6e94ea52b636', 'QXD016', 'Estrutura de Dados', '', 4.0),
('ef1c412e-7293-49be-8df7-c2dee7435cff', 'QXD017', 'Desenvolvimento Web', '', 4.0),
('8c98ea4a-a307-403d-8c02-481403eb18a0', 'QXD018', 'Desenvolvimento Mobile', '', 4.0),
('9cf3355a-cb9c-4b84-bede-452e76a61c72', 'QXD019', 'Arquitetura I', '', 4.0),
('a6e8d933-7406-433d-828d-6f713974e0c3', 'QXD020', 'Linguagem de Programação', '', 4.0);

-- Plano de Aula
INSERT INTO "Plan" VALUES
('b9178913-819f-4539-8a14-c1575cf9c37b',
 'A verificação e a validação do software permitem a identificação dos principais problemas do software
  desenvolvido contribuindo assim para a melhoria da qualidade final do software e garantindo a
  satisfação do usuário do software.',
 'Objetivos e restrições de V&V (Verificação e Validação). Planejamento de V&V. Documentação de
  estratégias de V&V, testes e outros artefatos. Medidas e Métricas. Análise estática de código. Atividades
  de V&V ao longo do ciclo de vida de um produto. Revisão de software. Testes de unidade. Análise de
  cobertura. Técnicas de teste funcional (caixa preta). Testes de integração. Desenvolvimento de casos de
  teste baseados em casos de uso e estórias de usuários. Testes de sistema. Testes de aceitação. Testes
  de atributos de qualidade. Testes de regressão. Ferramentas de teste (combinação com ferramentas de
  integração contínua). Análise de relatórios de falha. Técnicas para isolamento e falhas (depuração).
  Análise de defeitos. Acompanhamento de problemas (tracking). IEEE Std 1012-2004.',
 'Conscientizar os alunos sobre a importância da realização dos testes e do seu impacto nos custos e
  tempo de desenvolvimento de software. Permitir ao a aluno compreender os fundamentos e as principais
  técnicas de teste de software.', '2023/07/20', 'Aulas teóricas e aulas práticas', 'participar das aulas, realizar trabalhos', 'Prova e trabalhos práticos
   - trabalho em grupo sobre TDD
   - trabalho em grupo sobre Mocks
   - trabalho em grupo sobre teste de sistemas em produto web
   Cálculo: (T1 + T2 + T3) / 3',
 'A Practitioners Guide to software Test Design - Lee Copeland
  The Art of Software Testing - Glenford J. Myers, Corey Sandler, Tom Badgett
  TESTE E ANALISE DE SOFTWARE PROCESSOS, PRINCIPIOS E TECNICAS - PEZZE, MAURO', 'Engenharia de Software - Sommerville
 Base de conhecimento em teste de software
 Introdução ao teste de software
', 'projetor, laboratório'),
('137df0ee-4a34-4106-9871-46e76b00d586',
 'O sistema operacional, como gerenciador dos recursos de um sistema computacional é um programa
que suporta todos os aplicativos que automatizam as regras de negócios ou processos de uma empresa.
Além disso, sua compreensão é imprescindível para o melhor entendimento do funcionamento de todos
os componentes de uma arquitetura. O conhecimento adquirido na disciplina permitirá ao aluno distinguir
diferenças entre diversos tipos de sistemas operacionais, bem como escolher uma configuração mais
adequada, ou mesmo desenvolver funcionalidades para fins específicos.',
'O estudo das técnicas de programação constitui uma componente fundamental no aprendizado de
engenharia de sistemas de software. É através da programação que os sistemas de software tornam-se
produtos operacionais, passíveis de uso e comercialização. A Orientação a Objetos é um paradigma de
programação maduro e largamente utilizado tanto na indústria quanto na academia. Um programa
orientado a objetos é uma abstração do mundo real implementado através de um conjunto de objetos
que interagem entre si para resolver, no universo computacional, um problema ou conjunto de
problemas de um domínio de aplicação. Por esse motivo, o aprendizado das técnicas de programação
orientada a objetos e, concomitantemente, a aplicação desse aprendizado através de uma linguagem de
programação orientada a objetos, observando as boas práticas de desenvolvimento, torna-se uma
necessidade e um fator diferencial.',
'Objetivo Geral
Dar subsídio para que o aluno compreenda os conceitos básicos de sistemas operacionais como seus
componentes, funcionamento e gerenciamento para ajudá-lo a ter uma visão mais aprofundada no
desenvolvimento de sistemas com qualidade na utilização dos recursos computacionais.
Objetivos Específicos:
- Fornecer ao aluno informações sobre o funcionamento e a organização interna dos principais sistemas
operacionais;
- Definir processos, mostrar os problemas que podem acontecer em processos concorrentes, e
apresentar soluções para evitar ou minimizar tais problemas;
- Apresentar os recursos que os sistemas operacionais possuem para gerenciamento de memória;
- Apresentar os recursos mais utilizados para gerenciamento de arquivos e dispositivos de entrada e
saída, de forma a garantir a integridade e segurança dos mesmos;
- Apresentar o sistema operacional Linux como estudo de caso.',
 '2023/07/12', 'Encontros presenciais e atividades em sala de aula.', 'Exercícios e trabalhos.', 'Provas, Exercícios e trabalhos.',
 '1. TANENBAUM, A. S. Sistemas Operacionais Modernos. São Paulo: 2a Edição, Prentice Hall, 2004.
2. SILBERSCHATZ, Abraham; GAGNE, Greg; GALVIN, Peter; Fundamentos de Sistemas Operacionais.
Rio de Janeiro. 6a Edição. LTC. 2004.
3. FERREIRA, R. E. Linux: guia do administrador do sistema. 2 ed. Novatec, 2008. ISBN:
9788575221778.',
'1. MACHADO, F.B. Arquitetura de sistemas operacionais. 4 ed. LTC, 2007.
2. SILBERSCHATZ, A.; GALVIN, P.B.; GAGNE, G. Sistemas Operacionais com Java. 7 ed. Campus,
2008. ISBN:9788535224061.
3. TANENBAUM, A. S. Sistemas operacionais: projeto e implementação. 3 ed. Prentice Hall, 2008.
4. MENASCÉ, D.; ALMEIDA, V. Planejamento de capacidade para serviços na web. Campus, 2002.
5. CARISSIMI,A.; TOSCANI,S.; OLIVEIRA,R.S. Sistemas Operacionais. 4 ed. Bookman, 2010. ISBN:
9788577805211.', 'Slides e atividades em aula'),
('88f8f1a2-9e72-4165-b4c7-d2d329e93d21',
 'Lorem ipsum dolor sit amet', 'Lorem ipsum dolor sit amet', 'Lorem ipsum dolor sit amet',
 '2022/06/20', 'Lorem ipsum dolor sit amet', 'Lorem ipsum dolor sit amet', 'Lorem ipsum dolor sit amet',
 'Lorem ipsum dolor sit amet', 'Lorem ipsum dolor sit amet', 'Lorem ipsum dolor sit amet'),
('35054139-3394-4001-9a95-ee5ceac81711',
 'Lorem ipsum dolor sit amet', 'Lorem ipsum dolor sit amet', 'Lorem ipsum dolor sit amet',
 '2023/06/18', 'Lorem ipsum dolor sit amet', 'Lorem ipsum dolor sit amet', 'Lorem ipsum dolor sit amet',
 'Lorem ipsum dolor sit amet', 'Lorem ipsum dolor sit amet', 'Lorem ipsum dolor sit amet'),
('c9f1cdb8-3f30-4e23-a3a6-1e95d482e915',
 'Lorem ipsum dolor sit amet', 'Lorem ipsum dolor sit amet', 'Lorem ipsum dolor sit amet',
 '2023/06/10', 'Lorem ipsum dolor sit amet', 'Lorem ipsum dolor sit amet', 'Lorem ipsum dolor sit amet',
 'Lorem ipsum dolor sit amet', 'Lorem ipsum dolor sit amet', 'Lorem ipsum dolor sit amet'),
('e02c42fc-c871-40d3-b084-8d14bb30e3a1',
 'Lorem ipsum dolor sit amet', 'Lorem ipsum dolor sit amet', 'Lorem ipsum dolor sit amet',
 '2023/06/16', 'Lorem ipsum dolor sit amet', 'Lorem ipsum dolor sit amet', 'Lorem ipsum dolor sit amet',
 'Lorem ipsum dolor sit amet', 'Lorem ipsum dolor sit amet', 'Lorem ipsum dolor sit amet'),
('ec46bf37-8763-48a2-bbe4-6b18576cf4e1',
 'Lorem ipsum dolor sit amet', 'Lorem ipsum dolor sit amet', 'Lorem ipsum dolor sit amet',
 '2023/06/16', 'Lorem ipsum dolor sit amet', 'Lorem ipsum dolor sit amet', 'Lorem ipsum dolor sit amet',
 'Lorem ipsum dolor sit amet', 'Lorem ipsum dolor sit amet', 'Lorem ipsum dolor sit amet'),
('b3c2db14-c166-442a-a1dc-aaa04e972039',
 'Lorem ipsum dolor sit amet', 'Lorem ipsum dolor sit amet', 'Lorem ipsum dolor sit amet',
 '2023/06/16', 'Lorem ipsum dolor sit amet', 'Lorem ipsum dolor sit amet', 'Lorem ipsum dolor sit amet',
 'Lorem ipsum dolor sit amet', 'Lorem ipsum dolor sit amet', 'Lorem ipsum dolor sit amet'),
('0cf87231-5d62-4916-afd1-b408e1f6960c',
 'Lorem ipsum dolor sit amet', 'Lorem ipsum dolor sit amet', 'Lorem ipsum dolor sit amet',
 '2023/06/16', 'Lorem ipsum dolor sit amet', 'Lorem ipsum dolor sit amet', 'Lorem ipsum dolor sit amet',
 'Lorem ipsum dolor sit amet', 'Lorem ipsum dolor sit amet', 'Lorem ipsum dolor sit amet'),
('6e6f4246-7ce4-4aea-b993-f6a28ff4632a',
 'Lorem ipsum dolor sit amet', 'Lorem ipsum dolor sit amet', 'Lorem ipsum dolor sit amet',
 '2023/06/16', 'Lorem ipsum dolor sit amet', 'Lorem ipsum dolor sit amet', 'Lorem ipsum dolor sit amet',
 'Lorem ipsum dolor sit amet', 'Lorem ipsum dolor sit amet', 'Lorem ipsum dolor sit amet'),
('76c8a841-2b4d-47a9-bcc2-ee1121cd6e9d',
 'Lorem ipsum dolor sit amet', 'Lorem ipsum dolor sit amet', 'Lorem ipsum dolor sit amet',
 '2023/06/16', 'Lorem ipsum dolor sit amet', 'Lorem ipsum dolor sit amet', 'Lorem ipsum dolor sit amet',
 'Lorem ipsum dolor sit amet', 'Lorem ipsum dolor sit amet', 'Lorem ipsum dolor sit amet'),
('99b6de22-d90f-44f9-a28f-188ea2a9b3c9',
 'Lorem ipsum dolor sit amet', 'Lorem ipsum dolor sit amet', 'Lorem ipsum dolor sit amet',
 '2023/06/16', 'Lorem ipsum dolor sit amet', 'Lorem ipsum dolor sit amet', 'Lorem ipsum dolor sit amet',
 'Lorem ipsum dolor sit amet', 'Lorem ipsum dolor sit amet', 'Lorem ipsum dolor sit amet'),
('ab1d307a-0035-4a83-8f11-b7e4e0529d91',
 'Lorem ipsum dolor sit amet', 'Lorem ipsum dolor sit amet', 'Lorem ipsum dolor sit amet',
 '2023/06/16', 'Lorem ipsum dolor sit amet', 'Lorem ipsum dolor sit amet', 'Lorem ipsum dolor sit amet',
 'Lorem ipsum dolor sit amet', 'Lorem ipsum dolor sit amet', 'Lorem ipsum dolor sit amet'),
('a4b46d2f-ebfd-4601-a2e7-6def31af38dc',
 'Lorem ipsum dolor sit amet', 'Lorem ipsum dolor sit amet', 'Lorem ipsum dolor sit amet',
 '2023/06/16', 'Lorem ipsum dolor sit amet', 'Lorem ipsum dolor sit amet', 'Lorem ipsum dolor sit amet',
 'Lorem ipsum dolor sit amet', 'Lorem ipsum dolor sit amet', 'Lorem ipsum dolor sit amet'),
('c2378573-ab8d-4d58-899c-49c75d0c1aec',
 'Lorem ipsum dolor sit amet', 'Lorem ipsum dolor sit amet', 'Lorem ipsum dolor sit amet',
 '2023/06/16', 'Lorem ipsum dolor sit amet', 'Lorem ipsum dolor sit amet', 'Lorem ipsum dolor sit amet',
 'Lorem ipsum dolor sit amet', 'Lorem ipsum dolor sit amet', 'Lorem ipsum dolor sit amet'),
('4730d3f4-bdf0-49d9-86d9-3ee514c9c3a5',
 'Lorem ipsum dolor sit amet', 'Lorem ipsum dolor sit amet', 'Lorem ipsum dolor sit amet',
 '2023/06/16', 'Lorem ipsum dolor sit amet', 'Lorem ipsum dolor sit amet', 'Lorem ipsum dolor sit amet',
 'Lorem ipsum dolor sit amet', 'Lorem ipsum dolor sit amet', 'Lorem ipsum dolor sit amet'),
('b3b4d0a3-cf6c-4b26-9935-377792ffb30f',
 'Lorem ipsum dolor sit amet', 'Lorem ipsum dolor sit amet', 'Lorem ipsum dolor sit amet',
 '2023/06/16', 'Lorem ipsum dolor sit amet', 'Lorem ipsum dolor sit amet', 'Lorem ipsum dolor sit amet',
 'Lorem ipsum dolor sit amet', 'Lorem ipsum dolor sit amet', 'Lorem ipsum dolor sit amet'),
('7498c7b3-d399-4c5d-8080-452fb1ecd7fa',
 'Lorem ipsum dolor sit amet', 'Lorem ipsum dolor sit amet', 'Lorem ipsum dolor sit amet',
 '2023/06/16', 'Lorem ipsum dolor sit amet', 'Lorem ipsum dolor sit amet', 'Lorem ipsum dolor sit amet',
 'Lorem ipsum dolor sit amet', 'Lorem ipsum dolor sit amet', 'Lorem ipsum dolor sit amet'),
('ac62969a-b63f-44a6-9ae8-61a7a5938c6f',
 'Lorem ipsum dolor sit amet', 'Lorem ipsum dolor sit amet', 'Lorem ipsum dolor sit amet',
 '2023/06/16', 'Lorem ipsum dolor sit amet', 'Lorem ipsum dolor sit amet', 'Lorem ipsum dolor sit amet',
 'Lorem ipsum dolor sit amet', 'Lorem ipsum dolor sit amet', 'Lorem ipsum dolor sit amet'),
('85051d2e-cfe5-46da-b59a-c60bf102cdd4',
 'Lorem ipsum dolor sit amet', 'Lorem ipsum dolor sit amet', 'Lorem ipsum dolor sit amet',
 '2023/06/16', 'Lorem ipsum dolor sit amet', 'Lorem ipsum dolor sit amet', 'Lorem ipsum dolor sit amet',
 'Lorem ipsum dolor sit amet', 'Lorem ipsum dolor sit amet', 'Lorem ipsum dolor sit amet');

-- Classroom
INSERT INTO "Classroom" VALUES
('3ba092b2-859d-42e2-824d-094059e6b688', '2023.1', '25d52d4f-42c2-4d5c-a952-62f60bcc8fc5', '9754e520-1547-4426-92d6-fb6dc0b47356', 'b9178913-819f-4539-8a14-c1575cf9c37b'),
('fa290d83-09f7-4e1d-a56d-ab7231a3bb11', '2023.1', 'e86d278b-8834-4102-a4e1-5d823765773a', '04fa7cc4-8f6f-46b2-8a99-1adba5e25563', '137df0ee-4a34-4106-9871-46e76b00d586'),
('8b4d89a6-d51a-4a0d-92b3-dc723d8ed299', '2023.1', '25d52d4f-42c2-4d5c-a952-62f60bcc8fc5', 'd84d500c-c6cc-4d08-9922-6329623f27f8', '88f8f1a2-9e72-4165-b4c7-d2d329e93d21'),
('b2ef4990-6944-4a78-a343-7888c11c9044', '2023.1', '25d52d4f-42c2-4d5c-a952-62f60bcc8fc5', '740d5515-9423-4c43-a94e-75a2f3514fe7', '35054139-3394-4001-9a95-ee5ceac81711'),
('b64c8c1c-ce0e-4e84-89cd-e6dc381a1004', '2023.1', 'fce8a7b6-ca4e-47be-a450-799474d6e50a', 'e93ba07b-0149-4c71-b1a8-ba0a7abc129f', 'c9f1cdb8-3f30-4e23-a3a6-1e95d482e915'),
('088faab0-0398-4701-ab7e-291f5f6d2cb4', '2023.1', 'fce8a7b6-ca4e-47be-a450-799474d6e50a', '154fef23-db3e-4aaf-92b6-4a9d065f09a6', 'e02c42fc-c871-40d3-b084-8d14bb30e3a1'),
('fda67d17-08c0-4dfd-b24c-485bb58e1f0b', '2023.1', 'fce8a7b6-ca4e-47be-a450-799474d6e50a', '97082a98-edf9-4c26-acdd-cdc6656d275f', 'ec46bf37-8763-48a2-bbe4-6b18576cf4e1'),
('6e3f1ed8-15ae-4ad4-b191-36ada7023bc8', '2023.1', 'e86d278b-8834-4102-a4e1-5d823765773a', '5a1fb6b1-5263-4a70-a538-b973d995345d', 'b3c2db14-c166-442a-a1dc-aaa04e972039'),
('8570a362-975d-4398-873c-f2fc51227070', '2023.1', '7fc16108-fddb-4c3d-a0a0-09a58f66c266', '1a18d0c4-b94e-4390-a828-419778db220b', '0cf87231-5d62-4916-afd1-b408e1f6960c'),
('3b012925-aeff-4cb7-9a36-e4e9c2e01694', '2023.1', 'ab06e530-d072-473f-93ab-e77b63c091b8', '6d78aec2-e8f7-40ce-99af-63df60fdea88', '6e6f4246-7ce4-4aea-b993-f6a28ff4632a'),
('379ed1fb-7881-43bd-979a-47d21124792d', '2023.1', 'ab06e530-d072-473f-93ab-e77b63c091b8', '6db09f5b-089b-4acb-b04d-256b5034b7ce', '76c8a841-2b4d-47a9-bcc2-ee1121cd6e9d'),
('11cc0f80-0475-42e8-8ee1-284b6dc58fc2', '2023.1', 'fb515999-802e-4236-9d35-2b2fef40539e', 'ce55f839-9e91-49cf-ac3e-0e7dad6476f8', '99b6de22-d90f-44f9-a28f-188ea2a9b3c9'),
('e7fc5fbb-e187-479e-a4e8-20e06049459e', '2023.1', '8814966d-9b53-4170-8638-25699c91ad0a', 'c1e1b818-2dea-4876-bc2a-687599ff7f3d', 'ab1d307a-0035-4a83-8f11-b7e4e0529d91'),
('2f12006c-aba6-47d4-8bec-fabc5a2b65e4', '2023.1', '8814966d-9b53-4170-8638-25699c91ad0a', 'ef7a9eca-eedd-4e24-9d29-47e02b56c855', 'a4b46d2f-ebfd-4601-a2e7-6def31af38dc'),
('bb060b0b-044c-43dc-9e32-d2c8e6c6490c', '2023.1', '7c80ae45-527a-447b-b345-835de6820c9a', 'c5541dd3-5ebf-4f7e-be8a-66ce7fb93e66', 'c2378573-ab8d-4d58-899c-49c75d0c1aec'),
('49789cac-322a-46c2-8a7c-017b519d72f7', '2023.1', '7c80ae45-527a-447b-b345-835de6820c9a', '70ca3f74-bf8a-41f7-8b26-6e94ea52b636', '4730d3f4-bdf0-49d9-86d9-3ee514c9c3a5'),
('d7086b3a-24fd-46c5-8f78-fb627e0c303f', '2023.1', '8721b2e3-b8c5-4ead-b1f3-832a654388b8', 'ef1c412e-7293-49be-8df7-c2dee7435cff', 'b3b4d0a3-cf6c-4b26-9935-377792ffb30f'),
('0b319bfd-27d5-4eff-be7f-edba0898bcee', '2023.1', '8721b2e3-b8c5-4ead-b1f3-832a654388b8', '8c98ea4a-a307-403d-8c02-481403eb18a0', '7498c7b3-d399-4c5d-8080-452fb1ecd7fa'),
('1b935e90-34c6-4116-9377-077ed461f235', '2023.1', '1c3c8861-3625-4e90-9a99-b6adb4fa6496', '9cf3355a-cb9c-4b84-bede-452e76a61c72', 'ac62969a-b63f-44a6-9ae8-61a7a5938c6f'),
('bb378d24-60e9-4926-9bd4-f6a7eff3dbc1', '2023.1', '1c3c8861-3625-4e90-9a99-b6adb4fa6496', 'a6e8d933-7406-433d-828d-6f713974e0c3', '85051d2e-cfe5-46da-b59a-c60bf102cdd4');

INSERT INTO "ClassroomNew" VALUES
('f2321964-f050-4d6b-944c-b1154f032772', '3ba092b2-859d-42e2-824d-094059e6b688', 'Não hávera essa semana', 'Devido a imprevistos terei que me ausentar essa semana '),
('96a2d765-0172-4148-987f-4f0b35f98806', '3ba092b2-859d-42e2-824d-094059e6b688', 'O Trabalho 3 já foi postado', 'Turma eu acabei de postar o trabalho referente a AP3 a data de entrega ficara para o dia 13 de julho, lembrando que proxima semana não havera aula, ela estara reservada para caso vocês queiram terminar o trabalho'),
('43f47cbb-9087-406e-8b9f-6d77f107c283', '3ba092b2-859d-42e2-824d-094059e6b688', 'Correção das notas da AP1', 'Turma eu terminei de corrigir os trabalhos, eu adicionei algumas observações para os trabalhos que eu não consegui corrigir, para esses alunos me enviem o email com as correções(Link do repositorio ou arquivo zipado)'),
('8cda8f98-39f7-48fb-8138-fc0738982319', '3ba092b2-859d-42e2-824d-094059e6b688', 'Trabalho 2 adiado', 'Devido ao feriado da proxima semana estarei adiando a entrega em +1 semana'),
('c322ce2d-240a-432c-a96e-6d7e7b2105f3', '3ba092b2-859d-42e2-824d-094059e6b688', 'Aula livre para o Empreenday', 'Turma quinta feira será uma aula livre para vocês irem ao empreenday'),
('e32320db-f57b-4a7a-87d2-795b30d3e4f0', '3ba092b2-859d-42e2-824d-094059e6b688', 'Link para sala do meet de hoje tira dúvida', 'https://meet.google.com/myn-kndk-dzo'),

('b1e01bd6-02ae-46f3-ad7a-59ee21009aac', 'fa290d83-09f7-4e1d-a56d-ab7231a3bb11', 'HOJE DIA 16 DE JUNHO', 'BOA TARDE, GOSTARIA DE INFORMAR QUE HOJE 16 DE JUNHO NÃO HAVERÁ AULA. A SEGUNDA SERÁ CHAMADA 21 DE JUNHO, E PARA OS QUE NÃO IRÃO FAZER, HAVERÁ AULA NORMAL.'),
('5904dfc4-21d0-44b4-bafc-e91c13e2a5ad', 'fa290d83-09f7-4e1d-a56d-ab7231a3bb11', 'Teremos resolução de exercícios amanhã', 'Prezados discentes, Amanhã teremos resolução de exercícios. '),
('8779ae3c-af1e-40f0-b5c5-95ad30a421b4', 'fa290d83-09f7-4e1d-a56d-ab7231a3bb11', 'Segunda chamada', 'Prezados alunos, Será realizada sexta-feira dia 12 de maio de 2023 no horário da aula. Para os demais ocorrerá aula normal.'),
('393c1d24-e8cb-4f06-a59a-aa1d3b13796c', 'fa290d83-09f7-4e1d-a56d-ab7231a3bb11', 'Essa semana não teremos aula', 'Prezados alunos, Essa semana não teremos aula, estarei participando de um evento em campo.'),
('d1f86385-23a9-424a-b11e-814d5cf0eb0f', 'fa290d83-09f7-4e1d-a56d-ab7231a3bb11', 'Amanhã(02/06/2023) não teremos aula', 'Prezados alunos, devido a problemas de saude não terei condições de dar aula amanha, estarei postando os slides e uma lista complementar referente a aula de amanha, essa lista iremos corrigir na proxima semana'),
('407bfad3-cba9-472f-a5db-0fa7708595c1', 'fa290d83-09f7-4e1d-a56d-ab7231a3bb11', 'A AP2 será adiada', 'Prezados alunos, estarei adiando a AP2 para a proxima semana');

INSERT INTO "GeneralNew" VALUES
('4c29219a-0d43-40a3-ad1a-5df5f9602160', 'Game Day', 'PET TI realiza GameDay em 06 de maio; ingressos a venda', 'gameday.png', 'https://www.quixada.ufc.br/2023/04/17/pet-ti-realiza-gameday-em-06-de-maio/'),
('62e3577e-a012-49d8-8a8e-72bd97d95f8f', 'Game Night', 'PET-TI realiza a 7ª Game Night on-line', 'gamenight.png', 'https://www.quixada.ufc.br/2020/12/08/pet-ti-realiza-a-7a-game-night-on-line-dia-19/'),
('acaadac7-09a1-45c3-a951-8510ed568285', 'Avaliação Institucional', 'Estudantes e professores de graduação presencial da Universidade Federal do Ceará já podem fazer a Avaliação Institucional do semestre 2023.1 e registrar sua opinião sobre as condições de ensino e a qualidade das aulas e turmas', 'avaliacaoin.jpg', ''),
('8c54c2fe-77a4-461b-9999-1f96af549505', 'Periodo de Trancamento', 'Começa na segunda (8) e segue até quinta-feira (11) o período para trancamento parcial de matrícula na graduação presencial em disciplinas semestrais de 2023.1', 'trancamento.jpg', ''),
('71ee6c28-e870-4d15-8766-d5826902d324', 'WTISC', 'O Programa de Educação Tutorial do curso de Sistemas de Informação (PET-SI) da Universidade Federal do Ceará - Campus de Quixadá promove entre os dias 17 a 19 de maio das 13h30 às 17h, o XVI Workshop de Tecnologia da Informação do Sertão Central (XVI WTISC)', 'wtisc.png', 'https://www.quixada.ufc.br/evento/wtisc/'),
('3362c92c-a3b2-4c35-8bb0-5b7395a147a3', 'Empreenday', 'O Empreenday é um evento do campus da Universidade Federal do Ceará em Quixadá realizado semestralmente pelo Núcleo de Inovação e Empreendedorismo INOVE.', 'empreenday.jpeg', 'https://www.quixada.ufc.br/evento/empreenday/');

-- Plano de Aula de VV
INSERT INTO "ClassPlan" VALUES
(1, 'b9178913-819f-4539-8a14-c1575cf9c37b', '2023/03/16', 'Apresentação da disciplina. Motivação. Verificação x Validação. O testador.', 'Apresentação da disciplina. Motivação. Verificação x Validação. O testador.'),
(2, 'b9178913-819f-4539-8a14-c1575cf9c37b', '2023/03/17', 'O que é teste. conceitos básicos. Teste caixa branca, preta e cinza.', 'O que é teste. conceitos básicos. Teste caixa branca, preta e cinza.'),
(3, 'b9178913-819f-4539-8a14-c1575cf9c37b', '2023/03/23', 'Processo de teste. Etapas. Cobertura dos testes (impossibilidade de testar tudo)', 'Processo de teste. Etapas. Cobertura dos testes (impossibilidade de testar tudo)'),
(4, 'b9178913-819f-4539-8a14-c1575cf9c37b', '2023/03/24', 'Importância do teste para a qualidade do software. Métricas de qualidade.', 'Importância do teste para a qualidade do software. Métricas de qualidade.'),
(5, 'b9178913-819f-4539-8a14-c1575cf9c37b', '2023/03/30', 'Habilidades de um testador', 'Habilidades de um testador'),
(6, 'b9178913-819f-4539-8a14-c1575cf9c37b', '2023/03/31', 'Teste de caixa branca', 'Teste de caixa branca'),
(7, 'b9178913-819f-4539-8a14-c1575cf9c37b', '2023/04/13', 'Teste de caixa preta', 'Teste de caixa preta'),
(8, 'b9178913-819f-4539-8a14-c1575cf9c37b', '2023/04/14', 'Teste de caixa preta', 'Teste de caixa preta'),
(9, 'b9178913-819f-4539-8a14-c1575cf9c37b', '2023/04/20', 'Níveis de teste: sistema, integração, unitário e regressão.', 'Níveis de teste: sistema, integração, unitário e regressão.'),
(10, 'b9178913-819f-4539-8a14-c1575cf9c37b', '2023/04/27', 'TDD', 'BDD'),
(11, 'b9178913-819f-4539-8a14-c1575cf9c37b', '2023/04/28', 'TDD', 'BDD'),
(12, 'b9178913-819f-4539-8a14-c1575cf9c37b', '2023/05/04', 'TDD', 'TDD'),
(13, 'b9178913-819f-4539-8a14-c1575cf9c37b', '2023/05/05', 'Recebimento de trabalho de TDD', 'TDD exemplo 2'),
(14, 'b9178913-819f-4539-8a14-c1575cf9c37b', '2023/05/11', 'Teste de Integração', 'revisão e exercício de TDD'),
(15, 'b9178913-819f-4539-8a14-c1575cf9c37b', '2023/05/12', 'Mocks e Stubs', 'teste de integracao'),
(16, 'b9178913-819f-4539-8a14-c1575cf9c37b', '2023/05/18', 'Mocks e Stubs', 'mocks e stubs'),
(17, 'b9178913-819f-4539-8a14-c1575cf9c37b', '2023/05/19', 'Teste baseado na especificação. Plano de teste.', 'Mocks e stubs'),
(18, 'b9178913-819f-4539-8a14-c1575cf9c37b', '2023/05/25', 'Teste baseado na especificação. Plano de teste.', 'Exemplo Mockito'),
(19, 'b9178913-819f-4539-8a14-c1575cf9c37b', '2023/05/26', 'Inspeção de software. Prática de inspeção de software. Análise estática automatizada', 'teste de sistema baseado em especificação'),
(20, 'b9178913-819f-4539-8a14-c1575cf9c37b', '2023/06/01', 'Planejamento de teste', 'planejamento de teste _ inicio'),
(21, 'b9178913-819f-4539-8a14-c1575cf9c37b', '2023/06/02', 'Planejamento de teste', ' '),
(22, 'b9178913-819f-4539-8a14-c1575cf9c37b', '2023/06/09', 'Execução de testes', ' '),
(23, 'b9178913-819f-4539-8a14-c1575cf9c37b', '2023/06/15', 'Execução de testes', ' '),
(24, 'b9178913-819f-4539-8a14-c1575cf9c37b', '2023/06/16', 'Recebimento do segundo trabalho', 'execução de testes'),
(25, 'b9178913-819f-4539-8a14-c1575cf9c37b', '2023/06/22', 'Reportagem de teste', 'reportagem de bug (exercicios)'),
(26, 'b9178913-819f-4539-8a14-c1575cf9c37b', '2023/06/23', 'Reportagem de teste', 'reportagem de bug'),
(27, 'b9178913-819f-4539-8a14-c1575cf9c37b', '2023/06/29', 'Automação de testes', 'Automação de testes'),
(28, 'b9178913-819f-4539-8a14-c1575cf9c37b', '2023/06/30', 'Automação de testes', 'Teste de Carga'),
(29, 'b9178913-819f-4539-8a14-c1575cf9c37b', '2023/07/06', 'Prova / recebimento do último trabalho', ' '),
(30, 'b9178913-819f-4539-8a14-c1575cf9c37b', '2023/07/07', 'Teste de Carga', ' '),
(31, 'b9178913-819f-4539-8a14-c1575cf9c37b', '2023/07/13', 'segunda chamada', ' '),
(32, 'b9178913-819f-4539-8a14-c1575cf9c37b', '2023/07/14', 'Resultado Final', ' ');

-- Plano de Aula de SO
INSERT INTO "ClassPlan" VALUES
(33, '137df0ee-4a34-4106-9871-46e76b00d586', '2023/03/17', 'Introdução à Disciplina', 'Introdução à Disciplina'),
(34, '137df0ee-4a34-4106-9871-46e76b00d586', '2023/03/17', 'Introdução a Sistemas Computacionais (História e Conceitos)', 'Introdução a Sistemas Computacionais (História e Conceitos)'),
(35, '137df0ee-4a34-4106-9871-46e76b00d586', '2023/03/22', 'Introdução a Sistemas Computacionais (Chamadas de Sistema e Estruturasde SOs)', 'Introdução a Sistemas Computacionais (Chamadas de Sistema e Estruturasde SOs)'),
(36, '137df0ee-4a34-4106-9871-46e76b00d586', '2023/03/24', 'Processos (Introdução, Modelagem, Criação/Término, Hierarquia,Estados,Implementação)', 'Processos (Introdução, Modelagem, Criação/Término, Hierarquia,Estados,Implementação)'),
(37, '137df0ee-4a34-4106-9871-46e76b00d586', '2023/03/29', 'Threads (Introdução, Modelos, Threads POSIX, Implementação, Tipos)', 'Threads (Introdução, Modelos, Threads POSIX, Implementação, Tipos)'),
(38, '137df0ee-4a34-4106-9871-46e76b00d586', '2023/03/31', 'Prática em Processos e Threads', 'Prática em Processos e Threads'),
(39, '137df0ee-4a34-4106-9871-46e76b00d586', '2023/04/05', 'Comunicação entre Processos I (Introdução, Condições de Corrida,RegiõesCríticas,Exclusão mútua, Instrução TSL, Semáforo, Mutex', 'Comunicação entre Processos I (Introdução, Condições de Corrida,RegiõesCríticas,Exclusão mútua, Instrução TSL, Semáforo, Mutex'),
(40, '137df0ee-4a34-4106-9871-46e76b00d586', '2023/04/12', 'Comunicação entre Processos II (Mutexes, Variáveis de condição, Pthread,Monitores,Troca de mensagens, barreiras)', 'Comunicação entre Processos II (Mutexes, Variáveis de condição, Pthread,Monitores,Troca de mensagens, barreiras)'),
(41, '137df0ee-4a34-4106-9871-46e76b00d586', '2023/04/14', 'Níveis de teste: sistema, integração, unitário e regressão.', 'Níveis de teste: sistema, integração, unitário e regressão.'),
(42, '137df0ee-4a34-4106-9871-46e76b00d586', '2023/04/19', 'Problemas clássicos de IPC (Jantar dos filósofos, escritores/leitores, montanha russa)', 'Problemas clássicos de IPC (Jantar dos filósofos, escritores/leitores, montanha russa)'),
(43, '137df0ee-4a34-4106-9871-46e76b00d586', '2023/04/26', 'Escalonamento (Introdução,Pontos de escalonamento, Objetivos, Tipos deescalonadores)', 'Escalonamento (Introdução,Pontos de escalonamento, Objetivos, Tipos deescalonadores)'),
(44, '137df0ee-4a34-4106-9871-46e76b00d586', '2023/05/28', 'Escalonamento II (cont. Tipos de escalonadores, Threads)', 'Escalonamento II (cont. Tipos de escalonadores, Threads)'),
(45, '137df0ee-4a34-4106-9871-46e76b00d586', '2023/05/03', 'Prática em Comunicação entre Processos', 'Prática em Comunicação entre Processos'),
(46, '137df0ee-4a34-4106-9871-46e76b00d586', '2023/05/05', 'Exercícios AP1', 'Exercícios AP1'),
(47, '137df0ee-4a34-4106-9871-46e76b00d586', '2023/05/10', 'AP1', 'AP1'),
(48, '137df0ee-4a34-4106-9871-46e76b00d586', '2023/05/12', 'Comentários AP1', 'Comentários AP1'),
(49, '137df0ee-4a34-4106-9871-46e76b00d586', '2023/05/17', 'Gerenciamento de Memória (Introdução, abstração, espaço deendereçamento, registradores-base/limite, swapping, memória livre)', 'Gerenciamento de Memória (Introdução, abstração, espaço deendereçamento,registradores-base/limite, swapping, memória livre)'),
(50, '137df0ee-4a34-4106-9871-46e76b00d586', '2023/05/19', 'Gerenciamento de Memória II (Memória virtual, Paginação, MMU, TLB)', 'Gerenciamento de Memória II (Memória virtual, Paginação, MMU, TLB)'),
(51, '137df0ee-4a34-4106-9871-46e76b00d586', '2023/05/24', 'Gerenciamento de Memória III (Páginas multinível, tabela de páginasinvertida,algoritmos de substituição)', 'Gerenciamento de Memória III (Páginas multinível, tabela de páginasinvertida,algoritmos de substituição)'),
(52, '137df0ee-4a34-4106-9871-46e76b00d586', '2023/05/26', 'Gerenciamento de Memória IV (conjunto de trabalho, Questões de projeto)', 'Gerenciamento de Memória IV (conjunto de trabalho, Questões de projeto)'),
(53, '137df0ee-4a34-4106-9871-46e76b00d586', '2023/05/31', 'Gerenciamento de Memória V (Segmentação, MULTIC)', 'Gerenciamento de Memória V (Segmentação, MULTIC)'),
(54, '137df0ee-4a34-4106-9871-46e76b00d586', '2023/06/02', 'Prática Gerenciamento de Memória', 'Prática Gerenciamento de Memória'),
(55, '137df0ee-4a34-4106-9871-46e76b00d586', '2023/06/07', 'Exercícios AP2', 'Exercícios AP2'),
(56, '137df0ee-4a34-4106-9871-46e76b00d586', '2023/06/16', 'AP2', 'AP2'),
(57, '137df0ee-4a34-4106-9871-46e76b00d586', '2023/06/22', 'Comentários AP2. Sistemas de Arquivos (Introdução, Estrutura, Acesso, Diretório,Implementação)', 'Comentários AP2. Sistemas de Arquivos (Introdução, Estrutura, Acesso, Diretório,Implementação)'),
(58, '137df0ee-4a34-4106-9871-46e76b00d586', '2023/06/23', 'Sistemas de Arquivos II (Compartilhamento de arquivos, Journaling, Sistemadearquivos virtuais, Gerenciamento e otimização, Blocos livres)', 'Sistemas de Arquivos II (Compartilhamento de arquivos, Journaling, Sistemadearquivos virtuais, Gerenciamento e otimização, Blocos livres)'),
(59, '137df0ee-4a34-4106-9871-46e76b00d586', '2023/06/29', 'Sistemas de Arquivos III (Cópias de segurança, Consistência, Desempenho)', 'Sistemas de Arquivos III (Cópias de segurança, Consistência, Desempenho)'),
(60, '137df0ee-4a34-4106-9871-46e76b00d586', '2023/06/30', 'Entrada/Saída I (Introdução, Mapeamento em memória, DMA, Interrupções, E/Sprogramada, E/S com interrupção, E/S com DMA)', 'Entrada/Saída I (Introdução, Mapeamento em memória, DMA, Interrupções, E/Sprogramada, E/S com interrupção, E/S com DMA)'),
(61, '137df0ee-4a34-4106-9871-46e76b00d586', '2023/07/06', 'Entrada/Saída II (Camadas de SW)', ' '),
(62, '137df0ee-4a34-4106-9871-46e76b00d586', '2023/07/07', 'Impasses (Recursos, Deadlocks, Modelagem, Estratégias,
Detecção,Recuperação,PrevImpasses (Recursos, Deadlocks, Modelagem,
Estratégias,Detecção,Recuperação,Prevenção, Estados seguros/inseguros, outras
questões)enção,Estados seguros/inseguros, outras questões)', ' '),
(63, '137df0ee-4a34-4106-9871-46e76b00d586', '2023/07/13', 'Virtualização (Introdução, História, Requisitos, Tipos de hypervisors,
Custo,Paravirtualização, VMI, memória e E/S)', ' '),
(64, '137df0ee-4a34-4106-9871-46e76b00d586', '2023/07/14', 'AP3', ' ');

-- Atividades SO
INSERT INTO "Activity"("id", "title", "description", "receive_data", "points", "is_frequency_worthing", "is_exam", "sendable", "classroom_id", "file") VALUES
('5fbc5586-6ce4-4c6c-9bf6-29514b667c66', 'AP1', ' ', '2023/07/12', 10.0, FALSE, TRUE, FALSE, 'fa290d83-09f7-4e1d-a56d-ab7231a3bb11', ''),
('cfa53272-5f26-4c85-855c-c31fff677de6', 'AP2', ' ', '2023/07/12', 10.0, FALSE, TRUE, FALSE, 'fa290d83-09f7-4e1d-a56d-ab7231a3bb11', ''),
('4f44d7f3-4057-45ca-8e54-695d2b3ac735', 'AP3', ' ', '2023/07/12', 10.0, FALSE, TRUE, FALSE, 'fa290d83-09f7-4e1d-a56d-ab7231a3bb11', ''),
('1125fa17-9516-4595-8936-7e8eba441598', 'Lista de revisão AP1', 'Prezados alunos, segue a lista de revisão da AP1', '2023/07/12', 0, TRUE, FALSE, TRUE, 'fa290d83-09f7-4e1d-a56d-ab7231a3bb11', ''),
('e7a69a25-4341-409e-83e5-6f40e65f713b', 'Lista de Threads', 'Prezados alunos, segue a lista de questões sobre threads', '2023/07/12', 1.0, FALSE, FALSE, TRUE, 'fa290d83-09f7-4e1d-a56d-ab7231a3bb11', ''),
('389c260b-c2c5-4ccc-9d2d-712fe4ec3b25', 'Lista de revisão AP2', 'Prezados alunos, segue a lista de revisão da AP2', '2023/07/12', 0, TRUE, FALSE, TRUE, 'fa290d83-09f7-4e1d-a56d-ab7231a3bb11', ''),
('50d3f29b-544b-4c18-a535-95df9035c449', 'Lista 1 de Gerenciamento de Memória', 'Prezados alunos, segue a lista de Gerenciamento de Memória', '2023/05/07', 1.0, TRUE, FALSE, TRUE, 'fa290d83-09f7-4e1d-a56d-ab7231a3bb11', 'ListaGerenciamentoDeMemoria.pdf'),
('5ea2f692-2841-4eed-b245-e8b95f882ede', 'Lista 2 de Gerenciamento de Memória', 'Prezados alunos, segue a segunda lista de Gerenciamento de Memória', '2023/04/08', 1.0, FALSE, FALSE, TRUE, 'fa290d83-09f7-4e1d-a56d-ab7231a3bb11', ''),
('b4128095-bc72-4a7d-b940-e4e5c91e83a9', 'Lista de revisão AP3', 'Prezados alunos, segue a lista de revisão da AP3', '2023/07/12', 0, TRUE, FALSE, TRUE, 'fa290d83-09f7-4e1d-a56d-ab7231a3bb11', 'ListaRevisao.pdf'),
('22802f1c-4a98-4ac6-8f00-8d348f56a8f1', 'Trabalho valendo pontos extras', 'Prezados alunos, segue aqui o trabalho Entrada/Saida valendo pontos para a AP3', '2023/04/08', 2.0, FALSE, FALSE, TRUE, 'fa290d83-09f7-4e1d-a56d-ab7231a3bb11', '');

-- Atividades VV
INSERT INTO "Activity"("id", "title", "description", "receive_data", "points", "is_frequency_worthing", "is_exam", "sendable", "classroom_id", "file") VALUES
('67250708-7e1d-469d-ba19-3134585a8a35', 'Trabalho1', ' ', '2023/05/11', 10.0, FALSE, TRUE, TRUE, '3ba092b2-859d-42e2-824d-094059e6b688', ''),
('b51dea19-a86b-47eb-9c79-cc07b135ae7b', 'Trabalho2', ' ', '2023/07/18', 10.0, FALSE, TRUE, TRUE, '3ba092b2-859d-42e2-824d-094059e6b688', ''),
('1155c0e6-23a7-43ad-ae59-583abb3f5460', 'Trabalho3', ' ', '2023/07/13', 10.0, FALSE, TRUE, TRUE, '3ba092b2-859d-42e2-824d-094059e6b688', 'mockito.zip'),
('fbc725fd-4099-4c38-a840-e2eb06e63139', 'Atividade sobre caixa preta', 'Escreva um resumo sobre o que é teste de caixa preta', '2023/05/02', 1.0, TRUE, FALSE, TRUE, '3ba092b2-859d-42e2-824d-094059e6b688', ''),
('b0f314f3-1652-44e9-8715-7c2ccf917aa7', 'Atividade sobre caixa branca', 'Escreva um resumo sobre o que é teste de caixa branca', '2023/05/12', 1.0, FALSE, FALSE, TRUE, '3ba092b2-859d-42e2-824d-094059e6b688', ''),
('7d79c3bd-2a25-4af2-8f4e-c5fa906646cb', 'Atividade sobre caixa cinza', 'Escreva um resumo sobre o que é teste de caixa branca', '2023/05/06', 1.0, TRUE, FALSE, TRUE, '3ba092b2-859d-42e2-824d-094059e6b688', ''),
('0c9faae8-e17b-4a68-8a51-7220dbedd345', 'Atividade de classe', 'Realizar um Mock de 2 classes', '2023/05/07', 1, TRUE, FALSE, TRUE, '3ba092b2-859d-42e2-824d-094059e6b688', '');

-- Classroom Students - Daniel Almeida e José Vitor
INSERT INTO "ClassroomStudent" VALUES
('e7aaa266-117f-454d-b84c-65c205077b88', 'b2ef4990-6944-4a78-a343-7888c11c9044'), ('e7aaa266-117f-454d-b84c-65c205077b88', '088faab0-0398-4701-ab7e-291f5f6d2cb4'),
('e7aaa266-117f-454d-b84c-65c205077b88', 'fa290d83-09f7-4e1d-a56d-ab7231a3bb11'), ('e7aaa266-117f-454d-b84c-65c205077b88', '8570a362-975d-4398-873c-f2fc51227070'),
('e7aaa266-117f-454d-b84c-65c205077b88', 'd7086b3a-24fd-46c5-8f78-fb627e0c303f'), ('e7aaa266-117f-454d-b84c-65c205077b88', 'bb378d24-60e9-4926-9bd4-f6a7eff3dbc1'),
('e7aaa266-117f-454d-b84c-65c205077b88', '3ba092b2-859d-42e2-824d-094059e6b688'), ('acf1d7f1-5113-4246-8b72-a78b9e39d24a', '3ba092b2-859d-42e2-824d-094059e6b688'),
('acf1d7f1-5113-4246-8b72-a78b9e39d24a', 'fa290d83-09f7-4e1d-a56d-ab7231a3bb11'), ('acf1d7f1-5113-4246-8b72-a78b9e39d24a', '8b4d89a6-d51a-4a0d-92b3-dc723d8ed299'),
('acf1d7f1-5113-4246-8b72-a78b9e39d24a', '379ed1fb-7881-43bd-979a-47d21124792d'), ('acf1d7f1-5113-4246-8b72-a78b9e39d24a', 'e7fc5fbb-e187-479e-a4e8-20e06049459e'),
('acf1d7f1-5113-4246-8b72-a78b9e39d24a', '0b319bfd-27d5-4eff-be7f-edba0898bcee'), ('acf1d7f1-5113-4246-8b72-a78b9e39d24a', 'bb378d24-60e9-4926-9bd4-f6a7eff3dbc1');

-- Classroom Students - O resto
INSERT INTO "ClassroomStudent" VALUES
('58d2b8b7-e1eb-455b-9707-e67943c6d65d', 'b2ef4990-6944-4a78-a343-7888c11c9044'), ('58d2b8b7-e1eb-455b-9707-e67943c6d65d', '088faab0-0398-4701-ab7e-291f5f6d2cb4'),
('58d2b8b7-e1eb-455b-9707-e67943c6d65d', 'fa290d83-09f7-4e1d-a56d-ab7231a3bb11'), ('58d2b8b7-e1eb-455b-9707-e67943c6d65d', '8570a362-975d-4398-873c-f2fc51227070'),
('58d2b8b7-e1eb-455b-9707-e67943c6d65d', 'd7086b3a-24fd-46c5-8f78-fb627e0c303f'), ('58d2b8b7-e1eb-455b-9707-e67943c6d65d', 'bb378d24-60e9-4926-9bd4-f6a7eff3dbc1'),
('ed1632c3-3544-4bb5-ae72-5d2212cc1b58', 'b2ef4990-6944-4a78-a343-7888c11c9044'), ('ed1632c3-3544-4bb5-ae72-5d2212cc1b58', '088faab0-0398-4701-ab7e-291f5f6d2cb4'),
('ed1632c3-3544-4bb5-ae72-5d2212cc1b58', 'fa290d83-09f7-4e1d-a56d-ab7231a3bb11'), ('ed1632c3-3544-4bb5-ae72-5d2212cc1b58', '8570a362-975d-4398-873c-f2fc51227070'),
('ed1632c3-3544-4bb5-ae72-5d2212cc1b58', 'd7086b3a-24fd-46c5-8f78-fb627e0c303f'), ('414d1f36-9e3e-4d99-8565-47b0cf9be794', 'bb378d24-60e9-4926-9bd4-f6a7eff3dbc1'),
('414d1f36-9e3e-4d99-8565-47b0cf9be794', '3ba092b2-859d-42e2-824d-094059e6b688'), ('cc5c0608-0769-4352-a92b-fd9617ff94cf', '3ba092b2-859d-42e2-824d-094059e6b688'),
('cc5c0608-0769-4352-a92b-fd9617ff94cf', 'fa290d83-09f7-4e1d-a56d-ab7231a3bb11'), ('cc5c0608-0769-4352-a92b-fd9617ff94cf', '8b4d89a6-d51a-4a0d-92b3-dc723d8ed299'),
('cc5c0608-0769-4352-a92b-fd9617ff94cf', '379ed1fb-7881-43bd-979a-47d21124792d'), ('cc5c0608-0769-4352-a92b-fd9617ff94cf', 'e7fc5fbb-e187-479e-a4e8-20e06049459e'),
('cc5c0608-0769-4352-a92b-fd9617ff94cf', '0b319bfd-27d5-4eff-be7f-edba0898bcee'), ('cc5c0608-0769-4352-a92b-fd9617ff94cf', 'bb378d24-60e9-4926-9bd4-f6a7eff3dbc1'),
('b310562d-bb08-487c-a9e0-67c2de6d7066', 'b2ef4990-6944-4a78-a343-7888c11c9044'), ('b310562d-bb08-487c-a9e0-67c2de6d7066', '088faab0-0398-4701-ab7e-291f5f6d2cb4'),
('b310562d-bb08-487c-a9e0-67c2de6d7066', 'fa290d83-09f7-4e1d-a56d-ab7231a3bb11'), ('b310562d-bb08-487c-a9e0-67c2de6d7066', '8570a362-975d-4398-873c-f2fc51227070'),
('b310562d-bb08-487c-a9e0-67c2de6d7066', 'd7086b3a-24fd-46c5-8f78-fb627e0c303f'), ('43f9dbe8-f091-4e21-8ba0-9ec3b7549d81', 'bb378d24-60e9-4926-9bd4-f6a7eff3dbc1'),
('43f9dbe8-f091-4e21-8ba0-9ec3b7549d81', '3ba092b2-859d-42e2-824d-094059e6b688'), ('14d244f0-649a-46d4-95eb-82d1f0471dbe', '3ba092b2-859d-42e2-824d-094059e6b688'),
('14d244f0-649a-46d4-95eb-82d1f0471dbe', 'fa290d83-09f7-4e1d-a56d-ab7231a3bb11'), ('14d244f0-649a-46d4-95eb-82d1f0471dbe', '8b4d89a6-d51a-4a0d-92b3-dc723d8ed299'),
('14d244f0-649a-46d4-95eb-82d1f0471dbe', '379ed1fb-7881-43bd-979a-47d21124792d'), ('14d244f0-649a-46d4-95eb-82d1f0471dbe', 'e7fc5fbb-e187-479e-a4e8-20e06049459e'),
('b8fa523b-6b80-4844-96f0-516894e09de0', '0b319bfd-27d5-4eff-be7f-edba0898bcee'), ('b8fa523b-6b80-4844-96f0-516894e09de0', 'bb378d24-60e9-4926-9bd4-f6a7eff3dbc1'),
('43f9dbe8-f091-4e21-8ba0-9ec3b7549d81', 'b2ef4990-6944-4a78-a343-7888c11c9044'), ('43f9dbe8-f091-4e21-8ba0-9ec3b7549d81', '088faab0-0398-4701-ab7e-291f5f6d2cb4'),
('43f9dbe8-f091-4e21-8ba0-9ec3b7549d81', 'fa290d83-09f7-4e1d-a56d-ab7231a3bb11'), ('deae6c9e-3276-4887-ac08-0d3e00cf3322', '8570a362-975d-4398-873c-f2fc51227070'),
('deae6c9e-3276-4887-ac08-0d3e00cf3322', 'd7086b3a-24fd-46c5-8f78-fb627e0c303f'), ('deae6c9e-3276-4887-ac08-0d3e00cf3322', 'bb378d24-60e9-4926-9bd4-f6a7eff3dbc1'),
('deae6c9e-3276-4887-ac08-0d3e00cf3322', '3ba092b2-859d-42e2-824d-094059e6b688'), ('b8fa523b-6b80-4844-96f0-516894e09de0', '3ba092b2-859d-42e2-824d-094059e6b688'),
('b8fa523b-6b80-4844-96f0-516894e09de0', 'fa290d83-09f7-4e1d-a56d-ab7231a3bb11'), ('1a0ea8b0-dcd7-413a-896d-8f8367ff440f', '8b4d89a6-d51a-4a0d-92b3-dc723d8ed299'),
('1a0ea8b0-dcd7-413a-896d-8f8367ff440f', '379ed1fb-7881-43bd-979a-47d21124792d'), ('1a0ea8b0-dcd7-413a-896d-8f8367ff440f', 'e7fc5fbb-e187-479e-a4e8-20e06049459e'),
('aa2afdcc-be75-4575-9134-ba8fb1b3e7d2', '0b319bfd-27d5-4eff-be7f-edba0898bcee'), ('fc13e28e-f5b9-44e7-9abf-d8fca589619f', 'bb378d24-60e9-4926-9bd4-f6a7eff3dbc1'),
('414d1f36-9e3e-4d99-8565-47b0cf9be794', 'b2ef4990-6944-4a78-a343-7888c11c9044'), ('414d1f36-9e3e-4d99-8565-47b0cf9be794', '088faab0-0398-4701-ab7e-291f5f6d2cb4'),
('e2e82e0d-4b91-4152-a512-9bb335d66367', 'fa290d83-09f7-4e1d-a56d-ab7231a3bb11'), ('e2e82e0d-4b91-4152-a512-9bb335d66367', '8570a362-975d-4398-873c-f2fc51227070'),
('e2e82e0d-4b91-4152-a512-9bb335d66367', 'd7086b3a-24fd-46c5-8f78-fb627e0c303f'), ('9c01f690-35ca-4416-8d9e-5b33e4c5cbec', 'bb378d24-60e9-4926-9bd4-f6a7eff3dbc1'),
('9c01f690-35ca-4416-8d9e-5b33e4c5cbec', '3ba092b2-859d-42e2-824d-094059e6b688'), ('fc13e28e-f5b9-44e7-9abf-d8fca589619f', '3ba092b2-859d-42e2-824d-094059e6b688'),
('fc13e28e-f5b9-44e7-9abf-d8fca589619f', 'fa290d83-09f7-4e1d-a56d-ab7231a3bb11'), ('fc13e28e-f5b9-44e7-9abf-d8fca589619f', '8b4d89a6-d51a-4a0d-92b3-dc723d8ed299'),
('aa2afdcc-be75-4575-9134-ba8fb1b3e7d2', '379ed1fb-7881-43bd-979a-47d21124792d'), ('aa2afdcc-be75-4575-9134-ba8fb1b3e7d2', 'e7fc5fbb-e187-479e-a4e8-20e06049459e'),
('d5e01a52-106b-4f24-893c-159e9891025b', '0b319bfd-27d5-4eff-be7f-edba0898bcee'), ('d5e01a52-106b-4f24-893c-159e9891025b', 'bb378d24-60e9-4926-9bd4-f6a7eff3dbc1'),
('9c01f690-35ca-4416-8d9e-5b33e4c5cbec', 'b2ef4990-6944-4a78-a343-7888c11c9044'), ('9c01f690-35ca-4416-8d9e-5b33e4c5cbec', '088faab0-0398-4701-ab7e-291f5f6d2cb4'),
('6cdd10e4-aeda-492b-8c4d-7a67b2cd2737', 'fa290d83-09f7-4e1d-a56d-ab7231a3bb11'), ('6cdd10e4-aeda-492b-8c4d-7a67b2cd2737', '8570a362-975d-4398-873c-f2fc51227070'),
('6cdd10e4-aeda-492b-8c4d-7a67b2cd2737', 'd7086b3a-24fd-46c5-8f78-fb627e0c303f'), ('6cdd10e4-aeda-492b-8c4d-7a67b2cd2737', 'bb378d24-60e9-4926-9bd4-f6a7eff3dbc1'),
('6cdd10e4-aeda-492b-8c4d-7a67b2cd2737', '3ba092b2-859d-42e2-824d-094059e6b688'), ('d5e01a52-106b-4f24-893c-159e9891025b', '3ba092b2-859d-42e2-824d-094059e6b688'),
('d5e01a52-106b-4f24-893c-159e9891025b', 'fa290d83-09f7-4e1d-a56d-ab7231a3bb11'), ('18111736-92a1-4fde-8cc1-1a8e6aa07bc0', '8b4d89a6-d51a-4a0d-92b3-dc723d8ed299'),
('18111736-92a1-4fde-8cc1-1a8e6aa07bc0', '379ed1fb-7881-43bd-979a-47d21124792d'), ('18111736-92a1-4fde-8cc1-1a8e6aa07bc0', 'e7fc5fbb-e187-479e-a4e8-20e06049459e'),
('18111736-92a1-4fde-8cc1-1a8e6aa07bc0', '0b319bfd-27d5-4eff-be7f-edba0898bcee'), ('18111736-92a1-4fde-8cc1-1a8e6aa07bc0', 'bb378d24-60e9-4926-9bd4-f6a7eff3dbc1'),
('8c304856-24dd-4fa9-b7f9-c20c704d4e3c', 'b2ef4990-6944-4a78-a343-7888c11c9044'), ('1e5689b2-cedb-4ab1-a5eb-75d337cd45ad', '088faab0-0398-4701-ab7e-291f5f6d2cb4'),
('1e5689b2-cedb-4ab1-a5eb-75d337cd45ad', 'fa290d83-09f7-4e1d-a56d-ab7231a3bb11'), ('1e5689b2-cedb-4ab1-a5eb-75d337cd45ad', '8570a362-975d-4398-873c-f2fc51227070'),
('1e5689b2-cedb-4ab1-a5eb-75d337cd45ad', 'd7086b3a-24fd-46c5-8f78-fb627e0c303f'), ('1e5689b2-cedb-4ab1-a5eb-75d337cd45ad', 'bb378d24-60e9-4926-9bd4-f6a7eff3dbc1'),
('8c304856-24dd-4fa9-b7f9-c20c704d4e3c', '3ba092b2-859d-42e2-824d-094059e6b688'), ('2774601d-0501-4089-9d62-4002a3e08d17', '3ba092b2-859d-42e2-824d-094059e6b688'),
('2774601d-0501-4089-9d62-4002a3e08d17', 'fa290d83-09f7-4e1d-a56d-ab7231a3bb11'), ('2774601d-0501-4089-9d62-4002a3e08d17', '8b4d89a6-d51a-4a0d-92b3-dc723d8ed299'),
('2774601d-0501-4089-9d62-4002a3e08d17', '379ed1fb-7881-43bd-979a-47d21124792d'), ('2774601d-0501-4089-9d62-4002a3e08d17', 'e7fc5fbb-e187-479e-a4e8-20e06049459e'),
('4b23b0b0-2696-4be2-9e6f-aac5419635ef', '0b319bfd-27d5-4eff-be7f-edba0898bcee'), ('4b23b0b0-2696-4be2-9e6f-aac5419635ef', 'bb378d24-60e9-4926-9bd4-f6a7eff3dbc1'),
('1e5689b2-cedb-4ab1-a5eb-75d337cd45ad', 'b2ef4990-6944-4a78-a343-7888c11c9044'), ('8c304856-24dd-4fa9-b7f9-c20c704d4e3c', '088faab0-0398-4701-ab7e-291f5f6d2cb4'),
('f02577cb-3e35-4ee5-9880-05bff29d12f9', 'fa290d83-09f7-4e1d-a56d-ab7231a3bb11'), ('f02577cb-3e35-4ee5-9880-05bff29d12f9', '8570a362-975d-4398-873c-f2fc51227070'),
('f02577cb-3e35-4ee5-9880-05bff29d12f9', 'd7086b3a-24fd-46c5-8f78-fb627e0c303f'), ('f02577cb-3e35-4ee5-9880-05bff29d12f9', 'bb378d24-60e9-4926-9bd4-f6a7eff3dbc1'),
('ce3395e9-a869-4718-8e2c-e9b0b42845a2', '3ba092b2-859d-42e2-824d-094059e6b688'), ('4b23b0b0-2696-4be2-9e6f-aac5419635ef', '3ba092b2-859d-42e2-824d-094059e6b688'),
('4b23b0b0-2696-4be2-9e6f-aac5419635ef', 'fa290d83-09f7-4e1d-a56d-ab7231a3bb11'), ('4b23b0b0-2696-4be2-9e6f-aac5419635ef', '8b4d89a6-d51a-4a0d-92b3-dc723d8ed299'),
('f41c6ec9-204a-463d-ade0-1ac26651f642', '379ed1fb-7881-43bd-979a-47d21124792d'), ('f41c6ec9-204a-463d-ade0-1ac26651f642', 'e7fc5fbb-e187-479e-a4e8-20e06049459e'),
('f41c6ec9-204a-463d-ade0-1ac26651f642', '0b319bfd-27d5-4eff-be7f-edba0898bcee'), ('f41c6ec9-204a-463d-ade0-1ac26651f642', 'bb378d24-60e9-4926-9bd4-f6a7eff3dbc1'),
('ce3395e9-a869-4718-8e2c-e9b0b42845a2', 'b2ef4990-6944-4a78-a343-7888c11c9044'), ('ce3395e9-a869-4718-8e2c-e9b0b42845a2', '088faab0-0398-4701-ab7e-291f5f6d2cb4'),
('ce3395e9-a869-4718-8e2c-e9b0b42845a2', 'fa290d83-09f7-4e1d-a56d-ab7231a3bb11'), ('e0da021a-de0d-482c-82fe-d680cf2b7ac0', '8570a362-975d-4398-873c-f2fc51227070'),
('e0da021a-de0d-482c-82fe-d680cf2b7ac0', 'd7086b3a-24fd-46c5-8f78-fb627e0c303f'), ('e0da021a-de0d-482c-82fe-d680cf2b7ac0', 'bb378d24-60e9-4926-9bd4-f6a7eff3dbc1'),
('e0da021a-de0d-482c-82fe-d680cf2b7ac0', '3ba092b2-859d-42e2-824d-094059e6b688'), ('f41c6ec9-204a-463d-ade0-1ac26651f642', '3ba092b2-859d-42e2-824d-094059e6b688'),
('fde479e4-1469-4dfe-b234-ac3ab5b2fc61', 'fa290d83-09f7-4e1d-a56d-ab7231a3bb11'), ('fde479e4-1469-4dfe-b234-ac3ab5b2fc61', '8b4d89a6-d51a-4a0d-92b3-dc723d8ed299'),
('fde479e4-1469-4dfe-b234-ac3ab5b2fc61', '379ed1fb-7881-43bd-979a-47d21124792d'), ('fde479e4-1469-4dfe-b234-ac3ab5b2fc61', 'e7fc5fbb-e187-479e-a4e8-20e06049459e'),
('fde479e4-1469-4dfe-b234-ac3ab5b2fc61', '0b319bfd-27d5-4eff-be7f-edba0898bcee'), ('fde479e4-1469-4dfe-b234-ac3ab5b2fc61', 'bb378d24-60e9-4926-9bd4-f6a7eff3dbc1');

-- StudentActivity
-- Daniel Almeida
INSERT INTO "StudentActivity"("id", "activity_id","student_id") VALUES
('cd4ce7fe-baf0-4bca-b99c-80e4484c776c', '5fbc5586-6ce4-4c6c-9bf6-29514b667c66', 'e7aaa266-117f-454d-b84c-65c205077b88'),
('55cf8911-e1b4-4950-85ac-df820cadeeac', 'cfa53272-5f26-4c85-855c-c31fff677de6', 'e7aaa266-117f-454d-b84c-65c205077b88'),
('376d3784-d75d-4468-b13f-b623ec1caab3', '4f44d7f3-4057-45ca-8e54-695d2b3ac735', 'e7aaa266-117f-454d-b84c-65c205077b88'),
('3f6bf17d-43fd-455f-95f3-2e3846d4f917', '1125fa17-9516-4595-8936-7e8eba441598', 'e7aaa266-117f-454d-b84c-65c205077b88'),
('2557b29d-85a2-43b0-85f9-e2613e9ad671', 'e7a69a25-4341-409e-83e5-6f40e65f713b', 'e7aaa266-117f-454d-b84c-65c205077b88'),
('3616e2fa-c31b-4ccf-94bf-b8d11c27ae30', '389c260b-c2c5-4ccc-9d2d-712fe4ec3b25', 'e7aaa266-117f-454d-b84c-65c205077b88'),
('c32372b2-2854-48fe-962c-fa7b9ea4b4de', '50d3f29b-544b-4c18-a535-95df9035c449', 'e7aaa266-117f-454d-b84c-65c205077b88'),
('5b8dad8e-0739-4571-a602-ae424c7c398d', '5ea2f692-2841-4eed-b245-e8b95f882ede', 'e7aaa266-117f-454d-b84c-65c205077b88'),
('412d0069-9a3d-45d8-a982-3b946923ae3e', 'b4128095-bc72-4a7d-b940-e4e5c91e83a9', 'e7aaa266-117f-454d-b84c-65c205077b88'),
('9583b24f-9397-4e15-aac4-ea2efedb44ae', '22802f1c-4a98-4ac6-8f00-8d348f56a8f1', 'e7aaa266-117f-454d-b84c-65c205077b88'),
('5e407d35-2654-40a5-a71d-7d8a88d6bbb5', '67250708-7e1d-469d-ba19-3134585a8a35', 'e7aaa266-117f-454d-b84c-65c205077b88'),
('efed0d76-cf6b-4b21-8731-9491822de134', 'b51dea19-a86b-47eb-9c79-cc07b135ae7b', 'e7aaa266-117f-454d-b84c-65c205077b88'),
('341c400f-c6a6-4510-a2a5-c860932c3b49', '1155c0e6-23a7-43ad-ae59-583abb3f5460', 'e7aaa266-117f-454d-b84c-65c205077b88'),
('e7971147-d5ee-48c8-be11-5345ad18cf10', 'fbc725fd-4099-4c38-a840-e2eb06e63139', 'e7aaa266-117f-454d-b84c-65c205077b88'),
('f967c51a-76f6-4352-88ca-a1dea7bc6f10', 'b0f314f3-1652-44e9-8715-7c2ccf917aa7', 'e7aaa266-117f-454d-b84c-65c205077b88'),
('51fef254-e8fa-4817-9d48-62c368417295', '7d79c3bd-2a25-4af2-8f4e-c5fa906646cb', 'e7aaa266-117f-454d-b84c-65c205077b88'),
('ba85ec2d-ea4b-4932-b57e-add7d362c603', '0c9faae8-e17b-4a68-8a51-7220dbedd345', 'e7aaa266-117f-454d-b84c-65c205077b88');

-- StudentActivity
-- José Vitor
INSERT INTO "StudentActivity"("id", "activity_id","student_id") VALUES
('a326c086-d9ef-4409-b4a7-6f48c00560c3', '5fbc5586-6ce4-4c6c-9bf6-29514b667c66', 'acf1d7f1-5113-4246-8b72-a78b9e39d24a'),
('a0967188-f5af-4879-8be6-19e0cdf8024e', 'cfa53272-5f26-4c85-855c-c31fff677de6', 'acf1d7f1-5113-4246-8b72-a78b9e39d24a'),
('59435d05-8542-4bd0-aee5-0b8d8939e751', '4f44d7f3-4057-45ca-8e54-695d2b3ac735', 'acf1d7f1-5113-4246-8b72-a78b9e39d24a'),
('2a1054ba-66e5-41f0-8ac6-ac6df75c0a13', '1125fa17-9516-4595-8936-7e8eba441598', 'acf1d7f1-5113-4246-8b72-a78b9e39d24a'),
('3a09a047-5226-4eac-8b16-5b0c76b8cc29', 'e7a69a25-4341-409e-83e5-6f40e65f713b', 'acf1d7f1-5113-4246-8b72-a78b9e39d24a'),
('fa7a0f93-0952-4bed-a0fc-3847d0575ada', '389c260b-c2c5-4ccc-9d2d-712fe4ec3b25', 'acf1d7f1-5113-4246-8b72-a78b9e39d24a'),
('392a852f-3282-4de9-bdd0-9d2505cae218', '50d3f29b-544b-4c18-a535-95df9035c449', 'acf1d7f1-5113-4246-8b72-a78b9e39d24a'),
('846c0717-5626-44e3-a90f-41d97ccf84f7', '5ea2f692-2841-4eed-b245-e8b95f882ede', 'acf1d7f1-5113-4246-8b72-a78b9e39d24a'),
('2ad8afad-c399-42c1-9455-4b2efada4c5f', 'b4128095-bc72-4a7d-b940-e4e5c91e83a9', 'acf1d7f1-5113-4246-8b72-a78b9e39d24a'),
('074f31d2-358e-4e16-8ae7-ae5fa57438fe', '22802f1c-4a98-4ac6-8f00-8d348f56a8f1', 'acf1d7f1-5113-4246-8b72-a78b9e39d24a'),
('01652b01-3f1a-42f9-81fe-1a6e9e603981', '67250708-7e1d-469d-ba19-3134585a8a35', 'acf1d7f1-5113-4246-8b72-a78b9e39d24a'),
('ee681b5b-4097-4086-8287-bfd47db5fa62', 'b51dea19-a86b-47eb-9c79-cc07b135ae7b', 'acf1d7f1-5113-4246-8b72-a78b9e39d24a'),
('95e94a58-85d5-40d9-bc61-51cc158625e5', '1155c0e6-23a7-43ad-ae59-583abb3f5460', 'acf1d7f1-5113-4246-8b72-a78b9e39d24a'),
('ba44ea32-d1ea-41be-9c06-0a210be1ce75', 'fbc725fd-4099-4c38-a840-e2eb06e63139', 'acf1d7f1-5113-4246-8b72-a78b9e39d24a'),
('91e65c4b-c3a3-4612-bae4-04fb6665b235', 'b0f314f3-1652-44e9-8715-7c2ccf917aa7', 'acf1d7f1-5113-4246-8b72-a78b9e39d24a'),
('9dd2a099-40e7-4b12-9b55-b9d6c0c690b1', '7d79c3bd-2a25-4af2-8f4e-c5fa906646cb', 'acf1d7f1-5113-4246-8b72-a78b9e39d24a'),
('763d869c-4d79-4c53-86d5-e778989c4b8f', '0c9faae8-e17b-4a68-8a51-7220dbedd345', 'acf1d7f1-5113-4246-8b72-a78b9e39d24a');

-- Second Call
-- Daniel Almeida
INSERT INTO "SecondCall"("id", "justify", "student_id", "classroom_id", "activity_id") VALUES
('7a864a2a-139b-4b4c-a4ec-c2ebb20c2c4d', 'Tive que fazer uma cirurgia', 'e7aaa266-117f-454d-b84c-65c205077b88', 'fa290d83-09f7-4e1d-a56d-ab7231a3bb11', '5fbc5586-6ce4-4c6c-9bf6-29514b667c66'),
('658e1042-a8be-4561-9c10-d959be59f177', 'Tive que viajar', 'e7aaa266-117f-454d-b84c-65c205077b88', 'fa290d83-09f7-4e1d-a56d-ab7231a3bb11', 'cfa53272-5f26-4c85-855c-c31fff677de6');
